Estuary,kmWest,BZ,Spot damsel,Estuarine bream,Bald glassy,Slender glassy,Longspine glassy,Evileye blaasop,Longfin eel,Striped angler,Silver kob,Dusky kob,Blackedged blaasop,Cape silverside,Freshwater goby,Smallmouth yellowfish,Scaly,Prison goby,Baldy,Barehead goby,Giant kingfish,Blacktip kingfish,Brassy kingfish,Bigeye kingfish,Kingfish,Doubledash butterflyfish,Milkfish,Cape gurnard,Bluespotted blaasop,Sharptooth catfish,Estuary klipfish,Super klipfish,Karanteen,Fringelip mullet,Carp,Bluespotted stingray,Zebra,Blacktail,Dusky sleeper,Ladyfish,Anchovies,Cape anchovy,Orangespotted rockcod,Malabar rockcod,Greasy rockcod,Redeye roundherring,Spotted ragged-tooth,Bblackthroat goby,Spotted sandgoby,Cape galaxias,White seacatfish,Mosquitofish,Smallscale pursemouth,Longspine pursemouth,Evenfin pursemouth,Oblong pursemouth,Estuarine roundherring,Sleepy goby,River goby,Tank goby,Gobies,Janbruin,Dark shyshark,Spotted halfbeak,Cape sole,Kelee shad,Belly pipefish,Bellybarred pipefish,Knysna seahorse,Small kob,Slimy,Bluegill sunfish,Garrick,White steenbras,Sand steenbras,Diamond mullet,Groovy mullet,Largescale mullet,Giantscale mullet,Southern mullet,Mullet,Striped mullet,Mangrove snapper,Dory snapper,Oxeye tarpon,Spotted bass,Largemouth bass,Round moony,Oval moony,Flathead mullet,Mullet,Durban goby,Eagleray,Freshwater mullet,Sharptail goby,Speartail goby,Kappie blenny,Rainbow trout,Mozambique tilapia,Eyebrow goby,Mud blenny,African mudskipper,Bartail flathead,Guppy,Striped threadfin,Spotted grunter,Javelin grunter,Cock grunter,Piggy,Elf,Speckled sandgoby,Southern mouthbrooder,Largetooth flounder,Twineye skate,Checked goby,White stumpnose,Cape stumpnose,Tropical stumpnose,Pilchard,Strepie,Doublespotted queenfish,Pugnose soapy,Whitespotted rabbitfish,Barebreast goby,Silver sillago,Blackhand sole,Pickhandle barracuda,Thorny anchovy,Longsnout pipefish,Estuarine pipefish,Thornfish,Longjaw glassnose,Orangemouth glassnose,Slender giant moray,Redbreast tilapia,Banded tilapia,Blackspotted electric ray,Marbled electric ray,Pompano,Maasbanker,Comb goby,Yellowbanded goatfish,Bluetail mullet,Longarm mullet,Robust mullet,Bluespot mullet,Mullet
Orange,2947,W,,,,,,,,,2,,,,,288,,,,3,,,,,,,,,,,,,,,,,,,,,,,,,,,,,,,,,,,,,182,,,,,,,,,,,,,,,,,,,,,,,8442,,,,,,,,,,1,,,,,,,,,15,,,,,,,,,,,,,6,,,,,,,1,,,,,,,,,,,,,,,,,,,,,,,,,,,,
Buffels,2838,W,,,,,,,,,,,,,,,,,,,,,,,,,,,,,,,,,,,,,,,,,,,,,,,,,,,,,,,,,,,,,,,,,,,,,,,,,,,,,,,,,,,,,,,,,,,,,,,,,,,,,,,,,,,,,,,,,,,,,,,,,,,,,,,,,,,,,,,,,,,,,,,,,
Swartlintjies,2802,W,,,,,,,,,,,,,,,,,,,,,,,,,,,,,,,,,,,,,,,,,,,,,,,,,,,,,,,,,,,,,,,,,,,,,,,,,,,,,,,,,,,,,,,,,,,,,,,,,,,,,,,,,,,,,,,,,,,,,,,,,,,,,,,,,,,,,,,,,,,,,,,,,
Spoeg,2682,W,,,,,,,,,,,,,,,,,,,,,,,,,,,,,,,,,,,,,,,,,,,,,,,,,,,,,,,,,,,,,,,,,,,,,,,,,,,,,,2,,,,,,,,,,,,,,,,,,,,,,,,,,,,,,,,,,,,,,,,,,,,,,,,,,,,,,,,,,,,,,,,,,,
Groen,2649,W,,,,,,,,,,,,,,,,,,,,,,,,,,,,,,,,,,,,,,,,,,,,,,,,,,,,,,,,,,,,,,,,,,,,,,,,,,,,,,,,,,,,,,,,,,,,,,,,,,,,,,,,,,,,,,,,,,,,,,,,,,,,,,,,,,,,,,,,,,,,,,,,,
Sout (North),2616,W,,,,,,,,,,,,,,,,,,,,,,,,,,,,,,,,,,,,,,,,,,,,,,,,,,,,,,,,,,,,,,,,,,,,,,,,,,,,,,,,,,,,,,,,,,,,,,,,,,,,,,,,,,,,,,,,,,,,,,,,,,,,,,,,,,,,,,,,,,,,,,,,,
Olifants,2532,W,,,,,,,,,1,,,1,,,,,,,,,,,,,,,,,,,,,,,,,,,,,,,,,,,,,1,,,,,,23,,,,,,,,,,,,,,,,,,,,,,,2070,,,,,,,,,,1,,,,,,,,,,,,,,,,,,,,1,1,,,,,,,,,,,,,,,,,,2,,,,,,,,,,,,,,,,,,
Jakkals,2483,W,,,,,,,,,,,,,,,,,,,,,,,,,,,,,,,,,,,,,,,,,,,,,,,,,,,,,,,,,,,,,,,,,,,,,,,,,,,,,,58,,,,,,,,,,,,,,,,,,,,,,,,,,,,,,,,,,,,,,,,,,,,,,,,,,,,,,,,,,,,,,,,,,,
Wadrif,2468,W,,,,,,,,,,,,,,,,,,,,,,,,,,,,,,,,,,,,,,,,,,,,,,,,,,,,,,,,,,,,,,,,,,,,,,,,,,,,,,,,,,,,,,,,,,,,,,,,,,,,,,,,,,,,,,,,,,,,,,,,,,,,,,,,,,,,,,,,,,,,,,,,,
Verlore,2408,W,,,,,,,,,,,,,,,,,,,,,,,,,,,,,,,,,1,,,,,,,,,,,,,,,,,,,,,,,,,,,,,,,,,,,,,,,,,,,,,22,,,,,,,,,,4,,,,,,,,,1,,,,,,,,,,,,,,,,,,,,,,,,,,,,,,,,,,,,,,,,,,,,,,,,
Berg,2398,W,,,,,,,,,,,,1887,,,,,,65,,,,,,,,3,,,,,,,2,,,,,,,,,,,,,,,,2,,,,,,204,,,,,,2,,,,,,,,,,,,,,,,,3272,,,,,,,,,,,,,,,,,,,9,,,,,,,,,,,12,32,,,,,,,,,,,,,,,,,,2,,,,,,,,,,,,,,,,,,
Modder,2394,W,,,,,,,,,,,,,,,,,,,,,,,,,,,,,,,,,,,,,,,,,,,,,,,,,,,,,,,,,,,,,,,,,,,,,,,,,,,,,,848,,,,,,,,,,,,,,,,,,,,,,,,,,,,,,,,,,,,,,,,,,,,,,,,,,,,,,,,,,,,,,,,,,,
Bok,2338,W,,,,,,,,,,,,,,,,,,,,,,,,,,,,,,,,,,,,,,,,,,,,,,,,,,,,,,,,,,,,,,,,,,,,,,,,,,,,,,,,,,,,,,,,,,,,,,,,,,,,,,,,,,,,,,,,,,,,,,,,,,,,,,,,,,,,,,,,,,,,,,,,,
Silwerstroom,2213,W,,,,,,,,,,,,,,,,,,,,,,,,,,,,,,,,,,,,,,,,,,,,,,,,,,,,,,,,,,,,,,,,,,,,,,,,,,,,,,,,,,,,,,,,,,,,,,,,,,,,,,,,,,,,,,,,,,,,,,,,,,,,,,,,,,,,,,,,,,,,,,,,,
Sout (South),2198,W,,,,,,,,,,,,,,,,,,,,,,,,,,,,,,,,,,,,,,,,,,,,,,,,,,,,,,,,,,,,,,,,,,,,,,,,,,,,,,1497,,,,,,,,,,,,,,,,,,,4,,,,,,,,,,,,,,,,,,,,,,,,,,,,,,,,,,,,,,,,,,,,,,,,
Diep,2186,W,,,,,,,,,,,,,,,,,,61,,,,,,,,,,,,,,,,,,,,,,,,,,,,,,,,,,,,,,,,,,,,,1,,,,,,,,,,,,,,,443,,,,,,,,,,6,,,,,,,,,,,,,,,,,,,,,,,,,,,,,,,,,,,,,,,1,,,,,,,,,,,,,,,,,,
Sout R.,2180,W,,,,,,,,,,,,,,,,,,,,,,,,,,,,,,,,,,,,,,,,,,,,,,,,,,,,,,,,,,,,,,,,,,,,,,,,,,,,,,95,,,,,,,,,,,,,,,,,,,,,,,,,,,,,,,,,,,,,,,,,,,,,,,,,,,,,,,,,,,,,,,,,,,
Houtbaai,2135,W,,,,,,,,,,,,,,,,,,,,,,,,,,,,,,,,,,,,,,,,,,,,,,,,,,,,,,,,,,,,,,,,,,,,,,,,,,,,,,1086,,,,,,,,,,,,,,,,,,,,,,,,,,,,,,,,,,,,,,,,,,,,,,,,,,,,,,,,,,,,,,,,,,,
Wildevoel,2128,W,,,,,,,,,,,,,,,,,,,,,,,,,,,,,,,,,,,,,,,,,,,,,,,,,,,,,,,,,,,,,,,,,,,,,,5,,,,,,,,262,,,,,,,,,,,,,,,,,,,13,,,,,,,,,,,,,,,,,,,,,,,,,,,,,,,,,,,,,,,,,,,,,,,,
Bokramspruit,2121,W,,,,,,,,,,,,,,,,,,,,,,,,,,,,,,,,,,,,,,,,,,,,,,,,,,,,,,,,,,,,,,,,,,,,,,,,,,,,,,,,,,,,,,,,,,,,,,,,,,,,,,,,,,,,,,,,,,,,,,,,,,,,,,,,,,,,,,,,,,,,,,,,,
Schuster,2114,W,,,,,,,,,,,,,,,,,,,,,,,,,,,,,,,,,,,,,,,,,,,,,,,,,,,,,,,,,,,,,,,,,,,,,,,,,,,,,,32,,,,,,,,,,,,,,,,,,,,,,,,,,,,,,,,,,,,,,,,,,,,,,,,,,,,,,,,,,,,,,,,,,,
Krom,2107,W,,,,,,,,,,,,,,,,,,,,,,,,,,,,,,,,,,,,,,,,,,,,,,,,,,,,,,,,,,,,,,,,,,,,,,,,,,,,,,41,,,,,,,,,,89,,,,,,,,,,,,,,,,,,,,,,,,,,,,,,,,,,,,,,,,,,,,,,,,,,,,,,,,,
Booiskraal,2100,W,,,,,,,,,,,,,,,,,,,,,,,,,,,,,,,,,,,,,,,,,,,,,,,,,,,,,,,,,,,,,,,,,,,,,,,,,,,,,,2,,,,,,,,,,4,,,,,,,,,,,,,,,,,,,,,,,,,,,,,,,,,,,,,,,,,,,,,,,,,,,,,,,,,
Buffels (West),2086,W,,,,,,,,,,,,,,,,,,,,,,,,,,,,,,,,,,,,,,,,,,,,,,,,,,,,,,,,,,,,,,,,,,,,,,,,,,,,,,,,,,,,,,,,,,,,,,,,,,,,,,,,,,,,,,,,,,,,,,,,,,,,,,,,,,,,,,,,,,,,,,,,,
Elsies,2078,W,,,,,,,,,,,,,,,,,,,,,,,,,,,,,,,,,,,,,,,,,,,,,,,,1,,,,,,,,,,,,,,,,,,,,,,,,,,,,,,,,,,,,,,,,,,,,,,,,,,,,,,,,,,,,,,,,,,,,,,,,,,,,,,,,,,,,,,,,,,,,,,,,,
Silwermyn,2062,W,,,,,,,,,,,,,,,,,,,,,,,,,,,,,,,,,,,,,,,,,,,,,,,,,,,,,,,,,,,,,,,,,,,,,,,,1,,,,,,152,,,,,,,,,,,,,,,,,,,,,,,,,,,,,,,,,,,,,,,,,,,,,,,,,,,,,,,,,,,,,,,,,,,
Sand,2057,S,,,,,,,,,,,,136,,,,,,2,,,,,,,,,,,,,,,,,,,,,,,,,,,,,,,,,,,,,1202,,,,,,,,12,,,,,,,,5,,,,4,,,134,,,,,,,,,,42,,,,,,,,,,,,,,,,,,,,,1,,,,,3,,,,,,,,,,,,,,,,,,,,,,,,,,,,,,,
Seekoe,2053,S,,,,,,,,,,,,,,,,,,,,,,,,,,,,,,,,,,,,,,,,,,,,,,,,,,,,,,,,,,,,,,,,,,,,,,,,,,,,,,,,,,,,,,,,,,,,,,,,,,,,,,,,,,,,,,,,,,,,,,,,,,,,,,,,,,,,,,,,,,,,,,,,,
Eerste,2031,S,,,,,,1,,,,,,7,,,,,,,,,,,,,,,,,,,,,,,,,,,,,,,,1,,,,,,,,,,,,,,,,,,,,,,,,,,,,,,,,,,482,,,,,,,,,,7,,,,,,,,,,,,,,,,,,,,,21,,,,,1,,,,,,,,,,,,,,,,,,,,,,,,,,,,,,,
Lourens,2022,S,,,,,,,,,,,,,,,,,,,,,,,,,,,,,,,,,,,,,,,,,,,,,,,,,,,,,,,2,,,,,,,,,,,,,,,,,,,,,,,876,,,,,,,,,,2,,,,,,,,1,,,,,,,,,,,,,16,,,,,,,,,,,,,,,,,,,,,,,,,,,,,,,,,,,,
Sir Lowry's,2021,S,,,,,,,,,,,,,,,,,,,,,,,,,,,,,,,,,,,,,,,,,,,,,,,,,,,,,,,,,,,,,,,,,,,,,,,,,,,,,,28,,,,,,,,,,,,,,,,,,,,,,,,,,,,,,,2,,,,,,,,,,,,,,,,,,,,,,,,,,,,,,,,,,,,
Steenbras,2011,S,,,,,,,,,,,,,,,,,,,,,,,,,,,,,,,,,,,,7,,,,,,,,,,,,,,,,,,,3,,,,,,,,,,,,,,,,,,,,,,,55,,,,,,,,,,,,,,,,,,,,,,,,,,,,,,,,,,,,,,,,23,,,,,,,,,,,,,,,,,,,,,,,,,,,
Rooiels,1993,S,,,,,,,,,,,,,,,,,,,,,,,,,,,,,,,,,,,,,,,,,,,,,,,,,,,,,,,2,,,,,,,,1,,,,,,,,,,,,,,,205,,,,,,,,,,,,,,,,,,,,,,,,,,,,,,,1,,,,,,,,,,,,,,,,,,,,,,,,,,,,,,,,,,,,
Buffels (East),1988,S,,,,,,,,,,,,3,,,,,,,,,,,,,,,,,,,,,,,,,,,,,,,,,,,,,,,,,,,,,,,,,,,,,,,,,,,,2,,,,,,219,,,,,,,,,,,,,,,,,,,,,,,,,,,,,,,41,,,,,,,,,,,,,,,,,,,,,,,,,,,,,,,,,,,,
Palmiet,1962,S,,,,,,,,,,,,,,,,,,,,,,,,,,,,,,,,,,,,,,,,,,,,,,,,,1,,,,,,,,,,,,,,,,,,,,,,,,,,,,,895,,,,,,,,,,5,,,,,,,,,,,,,,,,,,,,,21,,,,,,,,,,,,,,,,,,,,,,,,,,,,,,,,,,,,
Kleinmond,1957,S,,,,,,,,,,,,5,,,,,,,,,,,,,,,,,,,,,,,,,,,,,,,,,,,,,,,,,,,,,,,,,,,,,,,,,,,,,,,,,,20,,,,,,,,,,,,,,,,,,,,,,,,,,,,,,,78,,,,,,,,,,,,,,,,,,,,,,,,,,,,,,,,,,,,
Bot,1946,S,,,,,,,,,,,,3651,,,,,,,,,,,,,,,,,1,,,,7,,,,,,,,,,,,,,,,11,,,,,,758,,,,,,,,,,,,,,,,,,,,,,,310,,,,,,,,,,17,,,,,,,,,,,,,,,,,,,,,19,,,,,,,,,,,,,,,,,,17,,,,,,,,,,,,,,,,,,
Onrus,1938,S,,,,,,,,,,,,,,,,,,,,,,,,,,,,,,,,,,,,,,,,,,,,,,,,,,,,,,,5,,,,,,,,,,,,,,,,,,,,,,,515,,,,,,,,,,36,,,,1,,,,,,,,,,,,,,,,,18,,,,,,,,,,,,,,,,,,,,,,,,,,,,,,,,,,,,
Klein,1920,S,,,,,,,,,,,,3943,,,,15,,,,,,,,,,,,,,35,,,,,,,,,,,,,,,,,,,12,,,,,,1,,,,,,,,,,,,,,,,,,,,,,,143,,,,,,,,,,12,,,,,,,,,,,,,,,,,,,,1,34,,,,,,1,,,,,,,,,,,,42,,,,,,,,,,,,,,,,,,
Uilkraals,1882,S,,,,,,,,,,,,74,,,,,,,,,,,,,,,,,,,,,,,,,,,,,,,,,,,,,,,,,,,,,,,,,,,,,,,,,,,,,,,,,,558,,,,,,,,,,1,,,,,,,,,,,,,,,,,,,,,4,,,,,,,,,,,,,,,,,,,,,,,,,,,,,,,,,,,,
Ratel,1872,S,,,,,,,,,,,,,,,,,,,,,,,,,,,,,,,,,,,,,,,,,,,,,,,,,,,,,,,,,,,,,,,,,,,,,,,,,,,,,,84,,,,,,,,,,2,,,,1,,,,,,,,,,,,,,,,,23,,,,,,4,,,,,,,,,,,,,,,,,,,,,,,,,,,,,,
Heuningnes,1791,S,,,,,,,,,,1,,1,,,,21,,,,,,,,,,,,,,,,,,,,,,,,,,,,,,,,,,,,,,,286,,,,,,,,2,,,,,,,,,2,,,13,,,633,430,3,,,,,,,,6,,,,,,,,,,,,,,,,,,,,,32,,,,,2,8,,,,,,,,,,,,,,,,,,,,,,,,,,,,,,
Klipdriftsfontein,1771,S,,,,,,,,,,,,,,,,,,,,,,,,,,,,,,,,,,,,,,,,,,,,,,,,,,,,,,,,,,,,,,,,,,,,,,,,,,,,,,272,,,,,,,,,3,18,,,,1,,,,,,,,,,,,,,,,,,,,,,,,,,,,,,,,,,,,,,,,,,,,,,,,,,,,,
Bree,1710,S,,,,,,,,,,6,,,,,,141,16,31,,,,,,,,,,,,,,,,,,,,1,,,,,,,,,,,23,,,,,,9,,,,,,,,8,,,,,,,,1,4,,,84,,,357,11,7,,,,,,,2,10,,,,,,,,,,,,,,,,7,,,4,,36,,,,,,7,,,,,,,,,49,,,1,,,,,,,,,,,,,,,,,,
Duiwenhoks,1687,S,,,,,,1,,,,4,,215,,,,4,3,1,,,,,,,,,,,,,,,,,,,,,,,,,,,,,,,12,,,,,,30,,,,,,,,,,,,,,,,2,2,,,4,,,361,530,42,,,,,,,9,,,,,,,,,,,,,,,,,,,,,,8,,,,,,,,,,,,,,,,,,3,,,,,,,,,,,,,,,,,,
Goukou,1642,S,,,,,,,,,,4,,31,,,,13,,,,,,,,,,,,,,,,,,,,6,,,,,,,,,,,,,5,,,,,,36,,,,,,,,,,,,,,,,,3,,,4,,,419,46,1,,,,,,,8,164,,,,,,,,,,,,,,,,1,,,,,10,,,,,,45,,,19,,,,,,,,,,,,,,,,,,,,,,,,,,,
Gouritz,1597,S,,,,,,,,,,4,,,,,,103,,,,,,,,,,,,,,,,,,,,,,,,,,,,,,,,,25,,,,,,155,,,,,,,,8,,,,,,,,1,,,,134,,,105,34,13,,,,,,,,1,,,,2,,,,,,,,,,,,5,,,,,31,,,,,,9,,,,,,,,,30,,,,,,,,,,,,,,,,,,,,,
Blinde,1584,S,,,,,,,,,,,,,,,,,,,,,,,,,,,,,,,,,,,,,,,,,,,,,,,,,,,,,,,158,,,,,,,,,,,,,,,,,1,,,2,,,91,213,,,,,,,,,13,,,,2,,,,,,,,,,,,,,,,,,,,,,,3,,,,,,,,,,,,,,,,,,,,,,,,,,,,,,
Hartenbos,1546,S,,,,,,,,,,,,203,,,,,,,,,,,,,,,,,,,,,,,,,,,,,,,,,,,,,,,,,,,225,,,,,,,,,,,,,,,,,18,,,14,,,117,,,,,,,,,,11,,,,3,,,,,,,,,,,,7,,,,,11,,,,,,,,,,,,,,,,,,,,,,,,,,,,,,,,,,,,
Klein Brak,1541,S,,,,,,,,,,4,,,,,,118,18,,,,,,,,,,,,,2,,,,,1,,,,,,,,,,,,,,6,,,,,,12,,,,,,,,,,,,,,,,6,31,,,36,,,21,3,,,,,,,,,7,3,,,2,,,,,,,,,,,,14,,,,2,35,,,,,,175,,,,,,,,,4,,,,,,,,,,,,,,,,,,,,,
Groot Brak,1532,S,,,,,,,,,,1,,,,,,11,,,,,,,,,,,,,,,,,,,,,,,,,,,,,,,,,9,,,,,,167,,,,,,,,,,,,,,,,3,63,,,148,,,346,64,1,,,,,,,,23,1,,,42,,,,,13,,,,,,,3,,,,,7,,,,,,94,,,,,,,,,,,,,,,,,,,,,,,,,,,,,,
Maalgate,1524,S,,,,,,,,,,,,,,,,,,,,,,,,,,,,,,,,,,,,,,,,,,,,,,,,,1,,,,,,920,,,,,,,,1,,,,,,,,,,,,3,,,9,,,,,,,,,1,201,,,,,,,,,,,,,,,,,,,,,32,,,,,,1,,,,,,,,,1,,,,,,,,,,,,,,,,,,,,,
Gwaing,1520,S,,,,,,,,,,,,,,,,,,,,,,,,,,,,,,,,,,,,,,,,,,,,,,,,,1,,,,,,,,,,,,,,,,,,,,,,,1,,,,,,374,,,,,,,,,4,,5,,,1,,,,,,,,,,,,,,,,,,,,,,,2,,,,,,,,,,,,,,,,,,,,,,,,,,,,,,
Meul,1517,S,,,,,,,,,,,,,,,,,,,,,,,,,,,,,,,,,,,,,,,,,,,,,,,,,,,,,,,,,,,,,,,,,,,,,,,,,,,,,,,,,,,,,,,,120,,,,,,,,,,,,,,,,,,,,,,,,,,,,,,,,,,,,,,,,,,,,,,,,,,,,,,,,,
Kaaimans,1499,S,,,,,,,,,,,,,,,,2,,,,,,,,,,,,,,,,,,,,,,,,,,,,,,,,,12,,,,,,,,,,,,,,21,,,,,,,,,16,,,,,,4,,,,,,,,,1,20,,,,,,,,,,,,,,,,,,,,,17,,,,,,3,,,,,,,,,1,,,,,,,,,,,,,,,,,,,,,
Touw,1497,S,,,,,,,,,,,,4,,,,19,,,,,,,,,,,,,,,,,,,,,,,,,,,,,,,,,,,,,,,1,,,,,,,,8,,,,,,,,1,8,,,40,,,176,61,17,,,,,,,1,14,1,,,2,,,,,1,,,,,,,1,,,,,35,,,,,,86,,,,,,,,,1,,,1,,,,,,,,,,,,,,,,,,
Swartvlei,1475,S,,,,,,,,,,,,674,,,,119,,,,,,,,,,,,,,122,,,,,1,67,,,,,,,,,,,,,2,,,,,,10,,,,,,,,,,,,,,,,1,9,,,2,,,231,35,19,,,,,,,7,1,85,,,1,,,,,,,,,,,,6,,,,,66,,,,,,187,,,521,,,,,,,,,26,,,,,,,,,,,,,,,,,,
Goukamma,1460,S,,,,,,,,,,4,,1,,,,21,1,,,,,,,,,,,,,,,,,,,,,,,,,,,,,,,,1,,,,,,563,,,,,,,,2,,,,,,,,,220,,,1,,,109,46,,,,,,,,,49,7,,,9,,,,,,,,,,,,3,,,,,47,,,,,,228,,,,,,,,,1,,,,,,,,,,,,,,,,,,,,,
Knysna,1448,S,,,,,,10,,,,1,,561,,,,15,47,3,,,,,,1,,,,,,8,,,,,1,111,,2,,,,,,,,,,,,,,,,,524,,,,1,,,28,,,,,3,,,,5,29,2,,50,,,276,137,5,,,,,,,2,17,24,,1,13,,,,,,,,,,,,26,,,,1,45,,,,,42,358,,6,181,,,,,,,,,24,,,,,,,,,,,4,,,,,,,
Noetsie,1438,S,,,,,,,,,,,,,,,,,,,,,,,,,,,,,,,,,,,,,,,,,,,,,,,,,,,,,,,24,,,,,,,,,,,,,,,,,6,,,,,,58,,,,,,,,,,624,4,,,779,,,,,,,,,,,,,,,,,1,,,,,,5,,,,,,,,,,,,,,,,,,,,,,,,,,,,,,
Piesang,1404,S,,,,,,,,,,3,,,,,,42,1,,,,,,,,,,,,,,,,,,,,,,,,,,,,,,,,1,,,,,,684,,,,,,,,3,,,,,,,,,4,,,125,,,218,17,11,,,,,,,7,59,3,,,1,,,,,,,,,,,,3,,,,4,14,,,,,3,63,,,,,,,,,,,,,,,,,,,,,,,,,,,,,,
Keurbooms,1401,S,,,,,,,,,,9,,10,,,,5,2,2,,,,,,,,,,,,10,,,,,,189,,1,,,,,,,,,,,1,,,,,,,,,,,,,,4,,,,,,,,2,19,,,7,,,186,564,10,,,,,,,4,27,1,,,3,,,,,,,,,,,,1,,,,,32,,,,,6,952,,,,,,,,,,,,3,,,,,,,,,,,,,,,,,,
Matjies,1398,S,,,,,,,,,,,,,,,,,,,,,,,,,,,,,,,,,,,,,,,,,,,,,,,,,,,,,,,,,,,,,,,,,,,,,,,,,,,,,,18,,,,,,,,,,200,50,,,,,,,,,,,,,,,,,,,,,,,,,,,,,,,,,,,,,,,,,,,,,,,,,,,,,,,,
Sout,1395,S,,,,,,,,,,,,,,,,1,2,,,,,,,,,,,,,,,,,,,1,,,,,,,,,,,,,,,,,,,,,,,,,,,,,,,,,,,,16,,,,,,15,8,,,,,,,,2,,8,,,1,,,,,,,,,,,,,,,,23,3,,,,,,37,,,,,,,,,,,,,,,,,,,,,,,,,,,,,,
Groot (West),1388,S,,,,,,,,,,,,,,,,,,,,,,,,,,,,,,,,,,,,,,,,,,,,,,,,,,,,,,,1,,,,,,,,4,,,,,,,,,33,,,,,,29,,,,,,,,,,,,,,,,,,,,,,,,,,,,,,3,24,,,,,,3,,,,,,,,,,,,,,,,,,,,,,,,,,,,,,
Bloukrans,1370,S,,,,,,,,,,,,,,,,,,,,,,,,,,,,,,,,,,,,1,,,,,,,,,,,,,,,,,,,,,,,,,,,,,,,,,,,,2,,,,,,32,,,,,,,,,,,,,,1,,,,,,,,,,,,1,,,,,3,,,,,,,,,,,,,,,,,,,,,,,,,,,,,,,,,,,,
Lottering,1362,S,,,,,,,,,,,,,,,,,,,,,,,,,,,,,,,,,,,,,,,,,,,,,,,,,,,,,,,,,,,,,,,,,,,,,,,,,,,,,,1,,,,,,,,,,,,,,42,,,,,,,,,,,,,,,,,,,,,,,,,,,,,,,,,,,,,,,,,,,,,,,,,,,,,
Elandsbos,1354,S,,,,,,,,,,,,,,,,,,,,,,,,,,,,,,,,,,,,,,,,,,,,,,,,,,,,,,,,,,,,,,,,,,,,,,,,13,,,,,,129,9,,,,,,,,,,7,,,12,,,,,,,,,,,,,,,,,9,,,,,,,,,,,,,,,,,,,,,,,,,,,,,,,,,,,,
Storms,1352,S,,,,,,,,,,,,,,,,,,,,,,,,,,,,,,,,,,,,,,,,,,,,,,,,,,,,,,,,,,,,,,,,,,,,,,,,1,,,,,,2,,1,,,,,,,21,,,,,,,,,,,,,,,,,,,,,1,,,,,,,,,,,,,,,,,,,,,,,,,,,,,,,,,,,,,
Elands,1337,S,,,,,,,,,,,,,,,,,,,,,,,,,,,,,,,,,,,,,,,,,,,,,,,,,,,,,,,,,,,,,,,2,,,,,,,,,8,,,,,,30,50,,,,,,,,,,1,,,,,,,,,,,,,,,,,,,,1,,,,,,1,,,,,,,,,,,,,,,,,,,,,,,,,,,,,,
Groot (East),1322,S,,,,,,,,,,1,,1,,,,,,,,,,,,,,,,,,,,,,,,,,,,,,,,,,,,,,,,,,,364,,,,,,,,4,,,,,,,,,4,,,,,,13,,,,,,,,,,,33,,,,,,,,,,,,,,,,,,,,20,,,,,1,2,,,,,,,,,,,,,,,,,,,,,,,,,,,,,,
Boskloof,1307,S,,,,,,,,,,,,,,,,,,,,,,,,,,,,,,,,,,,,,,,,,,,,,,,,,,,,,,,,,,,,,,,,,,,,,,,,,,,,,,,,,,,,,,,,,101,,,,,,,,,,,,,,,,,,,,,,,,,,,,,,,,,,,,,,,,,,,,,,,,,,,,,,,,
Kaapsedrif,1305,S,,,,,,,,,,,,,,,,,,,,,,,,,,,,,,,,,,,,,,,,,,,,,,,,,,,,,,,,,,,,,,,,,,,,,,,,,,,,,,,,,,,,,,,,,17,,,,,,,,,,,,,,,,,,,,,,,,,,,,,,,,,,,,,,,,,,,,,,,,,,,,,,,,
Tsitsikamma,1303,S,,,,,,,,,,,,,,,,,,,,,,,,,,,,,,,,,,,,,,,,,,,,,,,,,,,,,,,197,,,,,,,,,,,,,,,,,81,,,,,,121,1,,,,,,,,2,3,274,,,3,,,,,,,,,,,,,,,,,22,,,,,,1,,,,,,,,,,,,,,,,,,,,,,,,,,,,,,
Klipdrif (East),1284,S,,,,,,,,,,,,,,,,,,,,,,,,,,,,,,,,,,,,,,,,,,,,,,,,,,,,,,,,,,,,,,,,,,,,,,,,,,,,,,430,,,,,,,,,,3,5,,,,,,,,,,,,,,,,,,,,5,,,,,,,,,,,,,,,,,,,,,,,,,,,,,,,,,,,,
Slang,1276,S,,,,,,,,,,,,,,,,,,,,,,,,,,,,,,,,,,,,,,,,,,,,,,,,,,,,,,,,,,,,,,,,,,,,,,,,,,,,,,4,,,,,,,,,,1,197,,,,,,,,,,,,,,,,,,,,,,,,,,,,,,,,,,,,,,,,,,,,,,,,,,,,,,,,
Kromme,1251,S,,,,,,,,,,2,,1695,,,,12,12,13,,,,,,,,,,,,25,,,,,1,10,,,,,,,,,,,,,12,,,,,,570,,198,,,,,,40,,,,,,,,25,86,,,254,1,,174,119,44,,,,,,,13,24,9,,,3,,,,,,,,,1,,,32,,,,4,112,,,,,5,601,,,2,,,,,,1,,,1,,,,,,,,,,,,,,,,,,
Seekoe,1243,S,,,,,,,,,,,,260,,,,,,,,,,,,,,,,,,,,,,,,,,,,,,,,,,,,,,,,,,,345,,31,,,,,,2,,,,,,,,3,197,,,20,,,11,94,,,,,,,,2,37,165,,,,,,,,5,,,,,,,,,,,,9,,,,,,11,,,,,,,,,,,,,,,,,,,,,,,,,,,,,,
Kabeljous,1234,S,,,,,,,,,,,,1529,,,,,,,,,,,,,,,,,,,,,,,,,,,,,,,,,,,,,,,,,,,1,,,,,,,,,,,,,,,,3,120,,,,,,254,261,4,,,,,,,5,25,,,,6,,,,,,,,,,,,,,,,,3,,,,,,37,,,,,,,,,,,,,,,,,,,,,,,,,,,,,,
Gamtoos,1222,S,,,,,,,,,,25,,219,,,,31,,,,,,,,,,,,,,,,,,,,23,,4,,,,,,,,,,,109,,,,,,1136,,8,,,,,,29,,,,,,,,3,107,,,690,,,519,274,15,,,,,,,3,140,66,,,31,,,,,,,,,1,,,42,,,,2,52,,,,,76,652,,,,,,,,,15,,,,,,,,,,,,,,,,,,,,,
Van Stadens,1207,S,,,,,,,,,,,,141,,,,,,,,,,,,,,,,,,,,,,,,1,,,,,,,,,,,,,,,,,,,1,,17,,,,,,,,,,,,,,4,197,,,15,,,48,881,3,,,,,,,8,38,41,,,79,,,,,,,,,,,,,,,,,1,,,,,,242,,,1,,,,,,,,,,,,,,,,,,,,,,,,,,,
Maitland,1201,S,,,,,,,,,,,,,,,,,,,,,,,,,,,,,,,,,,,,,,,,,,,,,,,,,,,,,,,,,,,,,,,,,,,,,,,,40,,,,,,2,,,,,,,,,,516,2,,,16,,,,,,,,,,,,,,,,,1,,,,,,8,,,,,,,,,,,,,,,,,,,,,,,,,,,,,,
Bakens,1152,S,,,,,,,,,,,,4,,,,,,,,,,,,,,,,,,,,,,,,1,,,,,,,,,,,,,,,,,,,,,,,,,,,43,,,,,,,,,8,,,3,,,3,,,,,,,,,,4,4,,,,,,,,,,,,,,,,,,,,11,,,,,,3,,,,,,,,,,,,,,,,,,,,,,,,,,,,,,
Papkuils,1151,S,,,,,,,,,,,,,,,,,,,,,,,,,,,,,,,,,,,,,,,,,,,,,,,,,,,,,,,,,,,,,,,,,,,,,,,,,,,,,,,,,,,,,,,,,,,,,,,,,,,,,,,,,,,,,,,,,,,,,,,,,,,,,,,,,,,,,,,,,,,,,,,,,
Swartkops,1139,S,,,8,,,,,,,3,,51,,,,110,19,6,,,,,,,,,,,,4,,,,,,29,,5,,,,,,,,,,,16,,,,,,1389,,69,,,,,2,29,,,,,,,,5,83,,,235,,,291,653,16,,,,,,,4,12,10,,,,,,,,,,,,3,,,756,,,,2,53,,,,,127,824,,,18,,,,,1,8,,,,,,,,,,,,,,,,,,,,,
Koega,1130,S,,,,,,,,,,,,1895,,,,,,,,,,,,,,,,,,,,,,,,,,,,,,,,,,,,,,,,,,,30,,1,,,,,,5,,,,,,,,,,,,,,,12,,,,,,,,,,5,,,,,,,,,,,,,,,,,,,,,5,,,,,,4,,,,,,,,,,,,,,,,,,,,,,,,,,,,,,
Sundays,1113,S,,,,,,1,,,,26,,57,,,,95,1,,,,,,,,,,,,,,,,,,1,4,,23,,,,,,,1,,,,8,,,,,,1160,,6,,,,,,20,,,,,,,,,93,,,198,,,229,586,37,,,,,,,16,158,32,,,1,,,,,,,,,1,,,142,,,,,31,,,,,50,506,,,,,,,,,66,,,1,,,,,,,,,,,,,,,,,,
Boknes,1043,S,,,,,,,,,,,,114,,,,,,,,,,,,,,,,,,,,,,,,,,,,,,,,,,,,,,,,,,,37,,1,,,,,,9,,,,,,,,,6,,,60,,,81,199,,,,,,,,1,,,,,,,,,,2,,,,,,,,,,,,13,,,,,,48,,,,,,,,,,,,,,,,,,,,,,,,,,,,,,
Bushmans,1036,S,,,,,,,,,,8,,93,,,,6,18,62,,,,,,,,,,,,142,,,,,5,350,,6,,,,,,,,,,,1,,,,,,313,,68,,,1,,,15,,,,,,,,3,3,,,195,,,282,732,18,,,,,,,25,10,16,,,,,,,,,,,,,,,1,,,1,1,135,,,,,13,178,,,224,,,,,,3,,,,1,,,,,,,,1,,,,,,,,,
Kariega,1034,S,,1,,,,,,,,34,,157,,,,59,18,253,,,,,,,,,,,,87,,,,,13,107,,25,,,,,,,,,,,,,,,,,2287,,900,,,,,,21,,,,,,,,13,4,,,840,3,,84,23,11,,,,,,,92,62,53,,,8,,,1,,,,,,,,,52,,,28,2,67,,,,,5,688,,,62,,,3,,,12,,,4,,,,,,,,,1,,,,,4,,,,
Kasuka,1029,S,,,,,,,,,,7,,1492,,,,,,,,,,2,,,,,,,,,,,,,,2,,,,,,,,,,,,,2,,,,,,54,,21,,,,,,9,,,,,,,,1,6,,,19,,,129,1,46,,,,,,,5,3,,,,36,,,,,87,,,,,,,2,,,,,19,,,,,,277,,,6,,,,,,,,,,,,,,,,,,,,,,,,,,,
Kowie,1012,S,,1,,,,1,,,,42,,148,,,,2,,4,,,,,,,,,,,,8,,,,,,23,,4,,,,,,,,,,,7,,,,,,1987,,714,,,,,5,11,,,,,,,,5,10,,,594,,,113,125,30,,,,,,,35,158,25,,,45,,,,,,,,,,,,385,,,52,2,27,,,,,3,463,,,1,,,,,,5,,,,,,,,,,,,,,1,,,4,,,,
Rufane,1005,S,,,,,,,,,,,,29,,,,,,,,,,,,,,,,,,,,,,,,,,,,,,,,,,,,,,,,,,,14,,15,,,,,,4,,,,,,,,,4,,,,,,3,,,,,,,,,1,400,1,,,267,,,,,1,,,,,,,,,,,,,,,,,,909,,,1,,,,,,,,,,,,,,,,,,,,,,,,,,,
Riet,1000,S,,,,,,,,,,2,,189,,,,,,,,,,9,,,,,,,,,,,,,,,,,,,,,,,,,,,,,,,,,385,,2,,,,,,2,,,,,,,,,26,,,10,,,139,,5,,,,,,,12,1,,,,132,,,,,1,,,,,,,1,,,,,1,,,,,,54,,,,,,,,,,,,,,,,,,,,,,,,,,,,,,
Wes-Kleinemond,996,S,,,,,,,,,,1,,607,,,,,,,,,,,,,,,,,,,,,,,,,,,,,,,,,,,,,,,,,,,304,,35,,2,,,,23,,,,,,,,2,14,,,13,,,77,,8,,,,,,,2,42,,,,77,,,,,6,,,,,,,14,,,,,8,,,,,,139,,,,,,,,,,,,,,,,,,,,,,,,,,,,,,
Oos-Kleinemond,988,S,,,,,,,,,,,,591,,,,,,,,,,,,,,,,,,,,,,,,,,,,,,,,,,,,,,,,,,,1194,,124,,,,,,1,,,,,,,,2,12,,,9,,,114,,,,,,,,,11,8,,,,41,,,,,6,,,,,,,1,,,,,1,,,,,,228,,,4,,,,,,1,,,,,,,,,,,,,,,,,,,,,
Great Fish,984,S,,,,,,,1,,,95,,,,,,,,6,,,,,,,,,,1,,,,,2,,,1,,,,,,,,,,,,,2,,,,,,12,,,,,,,,,,,,,1,,,,45,,,408,,,103,751,4,,,,,,,,32,2,,,1,,,,,,,,,,,,115,,,,,2,,,,,2,151,,,,,,,,,4,,,,,,,,,,,,,1,,,,,,,,
Old Woman's,980,S,,,,,,,,,,,,1539,,,,,,,,,,,,,,,,,,,,,,,,,,,,,,,,,,,,,,,,,,,2367,,113,,,,,,,,,,,,,,,8,,,2,,,19,,1,,,,,,,12,15,,,,54,,,,,,,,,,,,1,,,,,,,,,,,100,,,,,,,,,,,,,,,,,,,,,,,,,,,,,,
Thatshana,977,S,,,,,,,,,,,,,,,,,,,,,,,,,,,,,,,,,,,,,,,,,,,,,,,,,,,,,,,,,,,,,,,,,,,,,,,,,,,2,,,4,,,,,,,,,2,23,,,,6,,,,,,,,,,,,,,,,,,,,,,,1,,,,,,,,,,,,,,,,,,,,,,,,,,,,,,
Mpekweni,974,S,,,,,,,,,,5,,1273,,,,,,,,,,,,,,,,,,,,,,,,,,2,,,,,,,,,,,,,,,,,1027,,7,,,,,,,,,,,,,,2,3,,,7,,,34,,12,,,,,,,4,14,,,,63,,,,,,,,,,,,5,,,,,,,,,,,426,,,,,,,,,,,,,,,,,,,,,,,,,,,,,,
Mtati,971,S,,,,,,,,,,4,,1175,,,,,,,,,,,,,,,,,,,,,,,,,,34,,,,,,,,,,,2,,,,,,2355,,15,,,,,,2,,,,,,,,2,4,,,1,,,29,,,,,,,,,19,5,,,,38,,,,,18,,,,,,,7,,,,,,,,,,,75,,,,,,,,,,,,,,,,,,,,,,,,,,,1,,,
Mgwalana,969,S,,,,,,,,,,3,,504,,,,,,1,,,,,,,,,,,,,,,,,,,,2,,,,,,,,,,,3,,,,,,1541,,227,,,,,,,,,,,,,,,3,,,83,,,78,,4,,,,,,,55,19,,,,1,,,,,50,,,,,,,4,,,,,6,,,,,,231,,,,,,,,,4,,,,,,,,,,,,,,,,,,,,,
Bira,963,S,,,,,,,,,,23,,564,,,,9,,86,,,,,,,,,,,,,,,,,,5,,8,,,,,,,,,,,7,,,,,,1287,,494,,,,,,1,,,,,,,,,1,,,110,2,,73,1,6,,,,,,,6,17,,,,5,,,,,2,,,,,,,18,,,,,27,,,,,,889,,,,,,,,,16,,,,,,,,,,,,,,,,,,,,,
Gqutywa,959,S,,,,,,,,,,,,181,,,,,,,,,,,,,,,,,,,,,,,,,,,,,,,,,,,,,,,,,,,2135,,14,,,,,,,,,,,,,,2,40,,,51,1,,60,,4,,,,,,,7,30,1,,,1,,,,,7,,,,,,,7,,,,,2,,,,,1,342,,,,,,,,,3,,,,,,,,,,,,,,,,,,,,,
Ngculura,955,S,,,,,,,,,,,,13,,,,,,,,,,,,,,,,,,,,,,,,,,,,,,,,,,,,,,,,,,,296,,4,,,,,,,,,,,,,,,1,,,1,1,,7,1,,,,,,,,3,24,2,,,290,,,,,,,,,,,,,,,,,,,,,,,5,,,,,,,,,,,,,,,,,,,,,,,,,,,,,,
Mtana,949,S,,,,,,,,,,,,804,,,,,,,,,,,,,,,,,,,,,,,,,,,,,,,,,,,,,,,,,,,1062,,260,,,,,,,,,,,,,,,4,,,3,,,72,,14,,,,,,,20,5,,,,51,,,,,110,,,,,,,2,,,,,4,,,,,,295,,,,,,,,,2,,,,,,,,,,,,,,,,,,,,,
Keiskamma,943,S,,,,,,,,,,69,,8,,,,12,,17,,,,,,,,,,,,9,,,,,,,,,,,,,,1,,,,,26,,,,,,575,,10,,,,,,20,,,,,,,,,1,,,62,3,,118,26,42,,,,,,,2,174,771,,,,,,,,,,,,,,,82,,,,,18,,,,,1,586,,,,,,,,,8,,,1,,,,,,,,1,,,,,,1,1,,,
Ngqinisa,937,S,,,,,,,,,,,,266,,,,,,,,,,,,,,,,,,,,,,,,,,,,,,,,,,,,,,,,,,,154,,168,,,,,,,,,,,,,,,1,,,,,,46,,1,,,,,,,16,1,,,,1,,,,,,,,,,,,,,,,,2,,,,,,564,,,,,,,,,,,,,,,,,,,,,,,,,,,,,,
Kiwane,936,S,,,,,,,,,,,,315,,,,,,,,,,,,,,,,,,,,,,,,,,,,,,,,,,,,,,,,,,,2459,,212,,,,,,,,,,,,,,3,3,,,2,1,,29,,9,,,,,,,76,3,,,,,,,,,,,,,,,,,,,,,,,,,,,61,,,,,,,,,,,,,,,,,,,,,,,,,,,,,,
Tyolomnqa,932,S,,,,,,1,,,,11,,124,,,,40,,26,,,,,,,,,,,,31,,,,,1,4,,8,,,,,,1,,,,,5,,,,,,1223,,30,,,,,1,68,,,,,,,,4,1,,,72,3,,71,14,62,,,,,,,4,37,12,,,1,,,,,,,,,,,,10,,,2,,5,,,,,,151,,,,,,,,,4,,1,5,,,,,,,,1,,,,,,3,,,1,
Shelbertsstroom,928,S,,,,,,,,,,,,95,,,,,,,,,,,,,,,,,,,,,,,,,,,,,,,,,,,,,,,,,,,55,,,,,,,,,,,,,,,,,,,2,1,1,,91,,9,,,,,,,6,12,2,,,33,,,,,5,,,,,,,,,,,,,,,,,,20,,,,,,,,,,,,,,,,,,,,,,,,,,,,,,
Lilyvale,924,S,,,,,,,,,,,,166,,,,,,,,,,,,,,,,,,,,,,,,,,,,,,,,,,,,,,1,,,,,384,,75,,,,,,,,,,,,,,,2,,,,,,4,,6,,,,,,,14,15,,,,14,,,,,17,,,,,,,,,,,,1,,,,,,172,,,,,,,,,,,,,,,,,,,,,,,,,,,,,,
Ross' Creek,920,S,,,,,,,,,,,,78,,,,,,,,,,,,,,,,,,,,,,,,,,,,,,,,,,,,,,,,,,,299,,54,,,,,,,,,,,,,,,2,,,,,,36,,4,,,,,,,5,9,,,,12,,,,,4,,,,,,,,,,,,,,,,,,537,,,,,,,,,,,,,,,,,,,,,,,,,,,,,,
Ncera,918,S,,,,,,,,,,,,141,,,,,,,,,,,,,,,,,,,,,,,,171,,,,,,,,,,,,,2,,,,,,551,,21,,,,,,,,,,,,,,1,11,,,69,,,16,,21,,,,,,,3,3,8,,,188,,,,,,,,,,,,,,,,,6,,,,,,322,1,,4,,,,,,1,,,,,,,,,,,,,,,,,,,,,
Mlele,916,S,,,,,,,,,,,,48,,,,,,,,,,,,,,,,,,,,,,,,,,,,,,,,,,,,,,,,,,,383,,16,,,,,,,,,,,,,,,2,,,14,,,22,,35,,,,,,,11,5,1,,,5,,,,,1,,,,,,,2,,,,,,,,,,,274,,,,,,,,,4,,,,,,,,,,,,,,,,,,,,,
Mcantsi,914,S,,1,,,,,,,,,,119,,,,,,,,,,,,,,,,,,,,,,,,,,,,,,,,,,,,,,,,,,,301,,7,,,,,,,,,,,,,,,8,,,16,,,145,11,60,,,,,,,7,19,6,,,106,,,,,16,,,,,,,1,,,,,,,,,,,334,,,7,,,,,,,,,,,,,,,,,,,,,,,,,,,
Gxulu,912,S,,,,,,,,,,4,,144,,,,,,,,,,,,,,,,,,,,,,,,6,,,,,,,,,,,,,2,,,,,,1377,,5,,,,,,5,,,,,,,,,6,,,94,,,10,,76,,,,,,,1,4,,,,124,,,,,3,,1,,,,,1,,,,,39,,,,,,164,,,1,,,,,,1,,,,,,,,,,,,,,,,,,,,,
Goda,910,S,,,,,,,,,,8,,212,,,,,,,,,,,,,,,,,,,,,,,,31,,,,,,,,,,,,,7,,,,,,4695,,74,,,,,,2,,,,,,,,1,3,,,177,,,450,5,129,,,,,,,4,3,,,,837,,,,,,,,,,,,4,,,,2,1,,,,,1,418,,,,,,,,,5,,,,,,,,,,,,,,,,,,,,,
Hlozi,908,S,,,,,,,,,,,,155,,,,,,,,,,,,,,,,,,,,,,,,,,,,,,,,,,,,,,,,,,,978,,,,,,,,2,,,,,,,,,3,,,,,,32,,2,,,,,,,,1,3,,,1,,,,,,,,,,,,,,,,,1,,,,,,204,,,,,,,,,,,,,,,,,,,,,,,,,,,,,,
Hickmans,902,S,,,,,,,,,,,,,,,,,,,,,,,,,,,,,,,,,,,,6,,,,,,,,,,,,,,,,,,,507,,8,,,,,,,,,,,,,,,,,,1,,,6,,,,,,,,,6,15,,,,16,,,,,7,,,,,,,,,,,,,,,,,,155,,,,,,,,,,,,,,,,,,,,,,,,,,,,,,
Mvubukazi,896,S,,,,,,,,,,,,,,,,,,,,,,,,,,,,,,,,,,,,,,,,,,,,,,,,,,,,,,,,,,,,,,,,,,,,,,,,,,,,,,,,,,,,,,,,,,,,,,,,,,,,,,,,,,,,,,,,,,,,,,,,,,,,,,,,,,,,,,,,,,,,,,,,,
Ngqenga,895,S,,,,,,,,,,,,,,,,,,,,,,,,,,,,,,,,,,,,,,,,,,,,,,,,,,,,,,,,,,,,,,,,,,,,,,,,,,,,,,,,,,,,,,,,,,,,,,,,,,,,,,,,,,,,,,,,,,,,,,,,,,,,,,,,,,,,,,,,,,,,,,,,,
Buffalo,894,S,,2,,,,,,,,3,,1,,,,36,,8,,,,,,,,,,,,,,,,,,1,,3,,,,,,,,,,,3,,,,,,140,,,,,,,3,,,,,,,,,1,6,,,40,,,3,,1,,,,,,,2,,24,,1,,,,,,,,,,8,,,,,,17,3,19,,,,,,67,,,,,,,,,4,,,,,,,,,,,,,,,,,,,,,
Blind,893,S,,,,,,,,,,,,,,,,,,,,,,,,,,,,,,,,,,,,,,,,,,,,,,,,,,,,,,,,,,,,,,,,,,,,,,,,9,,1,16,,,51,5,8,,,,,,,,1772,3,,,527,,,,,,,,,,,,1,,,,,,,,,,,4,,,,,,,,,,,,,,,,,,,,,,,,,,,,,,
Hlaze,892,S,,,,,,,,,,,,,,,,,,,,,,,,,,,,,,,,,,,,,,,,,,,,,,,,,,,,,,,,,,,,,,,,,,,,,,,,2,,,,,,61,,,,,,,,,,183,186,,,326,,,,,,,,,,,,,,,,,,,,,,,173,,,,,,,,,,,,,,,,,,,,,,,,,,,,,,
Nahoon,889,S,,,,,,,,,,12,,155,,,,91,,13,,,,,,,,,,,,1,,,,,,21,,16,,,,,,,1,,,,,,,,,,435,,45,,,,,,7,,,,,,,,,4,,,118,,,11,,14,,,,,,,1,234,22,,,8,,,,,,,,,,,,8,,,25,,12,,,,,,342,,,,,,,,,6,,,1,,,,,,,,,,,,,,1,,1,,
Qinira,886,S,,,,,,1,,,,,,588,,,,,,,,,,,,,,,,,,,,,,,,2,,,,,,,,,,,,,,,,,,,1701,,38,,,,,,,,,,,,,,3,7,,,15,1,,48,1,2,,,,,,,4,,8,,,22,,,,,13,,,,,,,,,,,1,5,,,,,,387,,,,,,,,,,,,,,,,,,,,,,,,,,,,,,
Gqunube,881,S,,,58,,2,,,,,6,,200,,,,74,,6,,,,,,,,,,,,1,,,,,3,26,,11,,,,,,,,,,,3,,,,,,3391,,228,,,,,,9,,,,,,,,6,3,,,256,1,,18,5,13,,,,,,,17,89,67,,,,,,,,,,,,,,,9,,,19,1,22,,,,,,436,,,1,,,,,,22,,,1,,,,,,,,1,,,,,,2,,,,
Kwelera,876,S,,1,,,,1,,1,,11,,16,,,,191,,7,,,,,,,,,,,,,,,,1,1,17,,4,,,,,,,,,,,12,,,,,,2527,,98,,,,,,1,,,,,,,,4,19,,,245,11,,320,5,305,,,,,,,11,40,104,,,1,,,,,,,,,,,,32,,,9,1,21,,,1,,,513,,,11,,,,,,4,,,,,,,,,,,,1,,,,,6,,4,,
Bulura,873,S,,,,,,,,,,,,392,,,,8,,,,,,,,,,,,,,,,,,,,2,,,,,,,,,,,,,,,,,,,177,,23,,,,,,2,,,,,,,,1,1,,,122,1,,18,,16,,,,,,,7,5,14,,,70,,,,,2,,,,,,,8,,,,,11,,,,,,915,,,,,,,,,1,,,,,,,,,,,,,,,,,,,,,
Cunge,870,S,,,,,,,,,,,,43,,,,,,,,,,,,,,,,,,,,,,,,,,,,,,,,,,,,,,,,,,,125,,1,,,,,,1,,,,,,,,,1,,,1,,,1,,,,,,,,,1,20,,,,272,,,,,1,,,,,,,,,,,,7,,,,,,301,,,,,,,,,,,,,,,,,,,,,,,,,,,,,,
Cintsa,866,S,,,,,,,,,,1,,555,,,,1,,,,,,,,,,,,,,,,,,,,,,,,,,,,,,,,,,,,,,,108,,55,,,,,,,,,,,,,,2,1,,,14,,,85,,8,,,,,,,11,1,1,,,51,,,,,3,,,,,,,1,,,,4,4,,,,,,261,1,,,,,,,,,,,,,,,,,,,,,,,,,,,,,
Cefane,863,S,,,,,,,,,,9,,630,,,,6,,,,,,,,,,,,,,,,,,,,3,,,,,,,,,,,,,,,,,,,459,,220,,,,,,,,,,,,,,1,,,,53,4,,15,,3,,,,,,,7,2,,,,17,,,,,6,,,,,,,3,,,1,,15,,,,,,286,,,,,,,,,9,,,,,,,,,,,,,,,,,,,,,
Kwenxura,860,S,,,1,,,,,,,34,,91,,,,,,,,,,,,,,,,,,,,,,,,2,,2,,,,,,,,,,,2,,,,,,1260,,40,,,,,,,,,,,,,,2,,,,59,3,,59,1,57,,,,,,,12,10,10,,,76,,,,,3,,,,,,,9,,,,,,,,,,,466,,,,,,,,,,,,,,,,,,,,,,,,,,3,,,,
Nyara,857,S,,,,,,,,,,,,13,,,,3,,,,,,,,,,,,,,,,,,,,,,,,,,,,,,,,,,,,,,,130,,16,,,,,,,,,,,,,,,,,,42,5,,71,,30,,,,,,,3,4,,,,30,,,,,46,,,,,,,,,,,,1,,,,,,47,,,,,,,,,,,,,,,,,,,,,,,,,,,,,,
Imtwendwe,854,S,,,,,,,,,,,,,,,,,,,,,,,,,,,,,,,,,,,,,,,,,,,,,,,,,,,,,,,7,,,,,,,,,,,,,,,,,,,,,,,,,,,,,,,,1,23,33,,,16,,,,,,,,,,,,,,,,,,,,,,,4,,,,,,,,,,,,,,,,,,,,,,,,,,,,,,
Haga-Haga,852,S,,,,,,,,,,1,,41,,,,2,,,,,,,,,,,,,,,,,,,,,,,,,,,,,,,,,,,,,,,68,,59,,,,,,,,,,,,,,,,,,28,,,9,,6,,,,,,,16,128,35,,,116,,,,,1,,,,,,,3,,,,,,,,,,,245,,,,,,,,,,,,,,,,,,,,,,,,,,,,,,
Mtendwe,850,S,,,,,,,,,,,,6,,,,1,,,,,,,,,,,,,,,,,,,,,,,,,,,,,,,,,,,,,,,125,,2,,,,,,,,,,,,,,,,,,,1,,,,,,,,,,,,,,,,5,,,,,,,,,,,,,,,,,,,,,,,49,,,,,,,,,,,,,,,,,,,,,,,,,,,,,,
Quko,848,S,,,,,,,,,,13,,,,,,14,,,,,,,,,,,,,,,,,,,,,,4,,,,,,,,,,,8,,,,,,688,,24,,,,,,8,,,,,,,,1,2,,,29,2,,18,3,4,,,,,,,4,5,,,,17,,,,,,,,,,,,29,,,,,11,,,,,,275,,,,,,,,,2,,,,,,,,,,,,,,,,,2,,,,
Morgan,846,S,,,,,,,,,,1,,,,,,11,,,,,,,,,,,,,,,,,,,,,,,,,,,,,,,,,,,,,,,76,,72,,,,,,,,,,,,,,,1,,,95,14,,37,,,,,,1,,,3,34,26,,,42,,1,,,29,,,,,,,30,,,,,9,,,,,,672,,,,,,,,,1,,,,,,,,,,,,,,,,,,,,,
Cwili,844,S,,2,,,,,,,,,,1,,,,4,,1,,,,,,,,,,,,,,,,,,,,,,,,,,,,,,,,,,,,,83,,18,,,,,,,,,,,,,,,1,,,3,26,,2,,4,,,,,1,,30,15,1,,,313,,,,,,,,,,,,1,,,,,,,,,,,72,,,,,,,,,,,,,,,,,,,,,,,,,,,,,,
Great Kei,842,S,,45,,,,,1,,,6,,,,,,10,,1,,,,,,,,,,,,,,,10,,,,,,,,,,,,,,,,,,,,,,,,,,,,,,17,,,,,,,,,,,,8,19,,35,9,1,,,,,,,5,93,24,,,30,,1,,,2,,,,,,,72,,,,,12,,,,,,11,,,,,,,,,73,,,,,,,,,,,,,,,,,,1,,,
Gxara,840,E,,,,,,,,,,1,,17,,,,4,1,,,,,,,,,,,,,,,,,,,3,,2,,,,,,,,,,,,,,,,,964,,23,,,,,,,,,,,,,,,,,,33,4,,3,6,84,,,,,,,5,31,25,,,143,,,,,5,,,,,,,7,,,,1,10,,,,,,397,,,,,,,,,1,,,,,1,,,,,,,,,,,,,,,,
Ngogwane,838,E,,,,,,,,,,,,9,,,,,,,,,,,,,,,,,,,,,,,,,,,,,,,,,,,,,,,,,,,41,,4,,,,,,,,,,,,,,,,,,,,,6,,6,,,,,,,5,4,2,,,294,,,,,8,,,,,,,,,,,,,,,,,,6,,,,,,,,,,,,,,,,,,,,,,,,,,,,,,
Qolora,836,E,,,,,,,,,,2,,38,,,,9,1,,,,,,,,,,,,,,,,,,,,,,,,,,,,,,,,,,,,1,,367,,3,,,,,,1,,,,,,,,,,,3,109,16,,14,7,2,1,,,,,,11,26,78,,,170,,2,,,8,,,,,,,12,,,1,2,3,,,,,,388,,,,,,,,,5,,,,,4,,,,,,,,,,,,1,13,7,,
Ncizele,834,E,,,,,,,,,,,,21,,,,,,,,,,,,,,,,,,,,,,,,,,,,,,,,,,,,,,,,,,,15,,6,,,,,,,,,,,,,,,,,,2,,,3,1,13,,,,,,,7,61,2,,,319,,,,,1,,,,,,,,,,,1,,,,,,,649,,,,,,,,,,,,,,,,,,,,,,,,,,,,,,
Kobonqaba,832,E,,,,,,1,,,,13,,3,,,,15,7,,,,,,,,,,,,,,,,,,,,,9,,,,,,,,,,,4,,,,,,1414,,76,,,,,,,,,,,,,,6,,,,17,1,,105,3,14,,,,,,,4,155,222,,,1,,,,,,,,,,,,20,,,,,21,,,,,,388,1,3,1,,,,,,8,,,,,,,,,,,,,,,,,2,,,,
Ngqusi/Inxaxo,830,E,,,,,,,,,,5,,40,,,,202,,,,,,1,,,,,,,,1,,,,,,7,,10,,,,,,,,,,,7,,,,,,2995,,190,,,,,,3,,,,,,,,3,1,,,241,13,,45,57,2,,,,,,,19,340,864,,,93,,1,,,,,,,,,,5,,,,1,14,,,,,,393,,11,,,,,,,32,,3,,,10,,,,,,1,,,,,,,,1,,11
Cebe,828,E,,,,,,,,,,2,,17,,,,3,,,,,,,,,,,,,,,,,,,,,,1,,,,,,,,,,,,,,,,,213,,5,,,,,,,,,,,,,,1,,,,102,,,9,1,5,,,,,,,2,,1,,,33,,,,,,,,,,,,3,,,,,1,,,,,,514,,,,,,,,,,,,,,7,,,,,,,,,,,,,,10,,
Zalu,826,E,,,,,,,,,,,,133,,,,9,,,,,,,,,,,,,,,,,,,,,,,,,,,,,,,,,,,,,,,302,,73,,,,,,,,,,,,,,,,,,,,,1,1,7,,,,,,,38,4,1,,,48,,,,,,,,,,,,,,,,,8,,,,,,283,,,,,,,,,7,,,,,,,,,,,,,,,,,,,,,
Ngqwara,824,E,,,,,,,,,,5,,77,,,,2,,,,,,,,,,,,,,,,,,,,1,,,,,,,,,,,,,,,,,,,136,,9,,,,,,,,,,,,,,,1,,,29,2,,45,4,28,,,,,,,9,89,9,,,1,,,,,,,,,,,,2,,,1,,1,,,,,,122,,,1,,,,,,1,,,,,,,,,,,,,,,,,,,1,,
Qora,796,E,,,5,,,,,,,12,,12,,,,36,,,,,,,,,,,,,,,,,,,,,,15,,,,,,,,,,,,,,,,,346,,286,,,,,,1,,,1,,,,,,,,,20,5,,17,1,16,,,,,,,12,108,215,,,44,,5,,,,,,,,,,57,,,,,22,,,,,,712,,,,,,,,,38,,,,,,,,,,,1,,,,,,,,19,,
Jujura,788,E,,,,,,,,,,9,,18,,,,13,,,,,,,,,,,,,,,,,,,,,,,,,,,,,,,,,1,,,,,,144,,,,,,,,,,,,,,,,,,,,20,,,8,3,7,,,,,,,1,12,5,,,,,,,,,,,,,,,7,,,,,4,,,,,,105,,,,,,,,,1,,,,,,,,,,,,1,,,,,7,,8,,
Ngadla,780,E,,,,,,,,,,4,,103,,,,22,,,,,,,,,,,,,,,,,,,,,,,,,,,,1,,,,,,,,,,,53,,47,,,,,,,,,,,,,,,,,,19,2,,12,,14,,,,,,,,2,4,,,2,,13,,,,,,,,,,23,,,,,11,,,,,,898,,1,,,,,,,5,,,,,1,,,,,,,,,,,,,,1,,
Shixini,772,E,,,,,,2,,,,28,,24,,,,26,,,,,,,,,,,,,,,,,,,,,,2,,,,,,,,,,,,,,,,,534,,13,,,,,,,,,,,,,,,2,,,61,1,,42,,5,,,,,,,2,16,86,,,,,7,,,,,,,1,,,15,,,,,15,,,,,,309,,1,,,,,,,6,,,,,,,,,,,,,,,,,,,1,,
Mbashe,760,E,,,,,1,,,,,20,,23,,,,8,,,,,,,,,,,,,,,,,,,,,,1,,,,,,,,,,,,,,,,,239,,1,,,,,,,,,,,,,,,1,,,100,1,,4,757,4,,,,,,,12,558,317,,,57,1,,,,,,,,,,,45,,,,1,,,,,,,153,,,,,1,,,,7,,2,,,,,,,,,,,,,,,5,4,1,,9
Ku-Mpenzu,759,E,,,,,,,,,,1,,43,,,,,,,,,,,,,,,,,,,,,,,,,,,,,,,,,,,,,,,,,,,24,,375,,,,,,,,,,,,,,,,,1,1,3,,1,,2,,,,,,,8,4,2,,,106,,,,,167,,,,,,,,,,,,8,,,,,,67,,,,,,,,,1,,,,,,,,,,,,,,,,,,9,,,
Ku-Bhula,758,E,,1,,,,,,,,8,,1,,,,4,,,,,,,,,,,,,,,,,,,,,,,,,,,,,,,,,,,,,,,956,,38,,,,,,,,,,,,,,,4,,,,23,,,,,,,,,,,1,17,,,,16,,1,,,,,,,,,,54,,,,,21,,,,,,474,,,,,,,,,5,,,,,3,,,,,,,,,,,,,6,12,,
Kwa-Suku,757,E,,,,,,,,,,,,127,,,,,,,,,,,,,,,,,,,,,,,,,,,,,,,,,,,,,,,,,,,,,47,,,,,,,,,,,,,,,,,1,1,,,,,7,,,,,,,1,,10,,,216,,,,,52,,,,,,,,,,,,1,,,,,,19,,,,,,,,,2,,,,,,,,,,,,,,,,,,,,,
Ntlonyane,751,E,,1,,,,,,,,11,,6,,,,4,,,,,,,,,,,,,,,,,,,,,,3,,,,,,,,,,,,,,,,,13,,7,,,,,,,,,,,,,,4,,,,407,6,,1,,66,,,,,,,,8,15,,,3,,,,,,,,,,,,11,,,,,3,,,,,,94,,,,,,,,,,,,,,5,,,,,,,,,,,,10,,7,,
Nkanya,745,E,,2,,2,,,,,,8,,62,,,,15,,,,,,,,,,,,,,,,,,,,,,,,,,,,,,,,,,,,,,,845,,91,,,,,,,,,,,,,,,,,,6,2,,12,,2,,,,,,,24,11,1,,,36,,,,,3,,,,,,,7,,,,,5,,,,,,553,,2,,,,,,,20,,,,,1,,,,,,,,,,,,,2,,,
Sundwana,739,E,,,,,,,,,,,,,,,,,,,,,,,,,,,,,,,,,,,,,,,,,,,,,,,,,,,,,,,70,,75,,,,,,,,,,,,,,,,,,,1,,,,,,,,,,,13,3,68,,,68,,,,,24,,,,,,,,,,,,1,,,,,,170,,,,,,,,,,,,,,,,,,,,,,,,,,,,,,
Xora,733,E,,1,,,,,,,,7,,138,,,,58,1,,,,,2,,,,,,,,,,,,,,,,18,,,,,,,,,,,,,,,,,687,,38,,,,,,,,,,,,4,,4,2,,,158,6,,13,124,8,,,,,,,2,81,260,,,12,,6,,,,,,,,,,15,1,,,,20,,,,,,224,,1,,,,,,,7,,2,,,1,,,,,,,,,,,,16,1,19,,
Nenga,727,E,,,1,,,,,,,5,,1,,,,29,,,,,,,,,,,,,,,,,,,,,,,,,,,,,,,,,,,,,,,25,,9,,,,,,,,,,,,,,,,,9,102,18,2,,99,1,,,,,,,8,419,3,,,28,,2,,,7,,,,,,,8,,,,,,,,,,,92,,,,,,,,,1,,,,,,,,,,,,,,,,,,1,9,,
Mapuzi,721,E,,,,,,,,,,1,,2,,,,4,,,,,,1,,,,,,,,,,,,,,,,,,,,,,,,,,,,,,,,,,,,,,,,,,,,,,,,,,,,,12,14,,4,20,4,,,,,,,2,,1,,,27,,,,,,,,,,,,3,,,7,,,,,,,,14,,,,,,,,,,,,,,3,,,,,,,,,,,,,,34,,1
Mtata,715,E,,,38,1,,,,,,26,,11,,,,6,,,,,,,,,,,,,,,,,,,,,,1,,,,,,,,,,,,,,,,,222,,,,,,,,,,,,,,,,1,,,,11,3,,2,208,2,1,,,,,,1,144,56,,,207,5,5,,,1,,,,,,,46,1,,,12,8,,,,,,118,,2,,,,,,,5,,3,,,2,,,,,,,,,,,,1,4,2,,1
Thsani,709,E,,,,,,,,,,,,,,,,,,,,,,,,,,,,,,,,,,,,,,,,,,,,,,,,,,,,,,,,,2,,,,,,,,,,,,,,,,,,,,,,,,,,,,,,,,1,,,12,,,,,27,,,,,,,,,,,,1,,,,,,13,,,,,,,,,,,,,,,,,,,,,,,,,,,,,,
Mdumbi,703,E,,,,,,,,,,2,,107,,,,42,,,1,,,6,,,,,,,,,,,,,,1,,11,,,,,,,,,,,,,,,,,2248,,90,,,,,,,,,,,,1,,1,,,,111,4,,,63,46,,,,,,,,8,53,,,10,1,,,,,,,,,,,3,,,,3,5,,,,,,257,,,,,,,,,3,5,1,,,,,,,,,,1,,,,,9,,2,,
Mpande,697,E,,1,,,2,,,,,,,,,,,,,,,,,,,,,,,,,,,,,,,,,,,,,,,,,,,,,,,,,,140,,10,1,,,,,,,,,,,,,,,,9,2,26,,1,,10,,,,,,,8,110,,,,161,,1,,,20,,,,,,,5,,,,,,,,,,,57,,,,,,,,,1,,,,,,,,,,,,,,,,,,1,2,,
Sinangwana,691,E,,2,,,,,,,,10,,,,,,,,,3,,,1,,,,,,,,,,,,,,,,4,,,,,,,,,,,,,,,,,9,,2,,,,,,,2,,,,,,,,,,7,29,7,,,1,9,,,1,,,,,25,53,,,2,,,,,11,,,,,,,3,,,,,3,,,,,,60,1,,,,,,,,3,,,,,2,,,,,,,,,,,,2,1,13,,
Mngazana,685,E,,1,8,1,,,,,,10,,63,,,,14,,,2,1,2,6,,,,,,,,,,,,,,,,18,,,,,,,,,,,,,,,,,1834,,22,2,,,,,,15,,,,,7,,3,1,,3,115,32,,,188,52,1,,,,,,1,15,23,,,25,,2,,,,,,,,,1,14,1,,,6,1,,,,,,181,,,,,,,,,,,,,,9,,33,,,,,,,,,,11,8,26,,2
Mngazi,670,E,,2,51,,,,,,,32,,50,,,,63,,,5,,,3,,,,,1,,,,,,,,,,,2,,,,,,,,,,,,,,,,,412,,159,,,,,,,1,,,,,15,,,,,26,134,37,,,43,,,,,,,,1,28,2,,,7,3,1,,,1,,,,,,,36,,,,,12,,,,,,273,,,,1,,,,,30,3,,,,4,,,,,,,,,,,,,2,,1,
Gxwaleni,668,E,,,,,,,,,,,,,,,,,,,,,,2,,,,,,,,,,,,,,,,,,,,,,,,,,,,,,,,,2,,39,,,,,,,,,,,,,,,,,,,,,,3,7,,,,,,,3,52,6,,,628,,,,,19,,,,,,,,,,,,,,,,,,82,,,,,,,,,,,,,,,,,,,,,,,,,,,,1,2,
Bulolo,666,E,,,,2,,,,,,,,,,,,7,,,1,,,3,,,,,,,,,,,,,,,,,,,,,,,,,,,,,,,,,438,,101,,,,,,,,,1,,,16,,2,,,1,39,8,,,19,,,,,,,2,2,14,,,,73,2,7,,,33,,,,,,,1,,,,,,,,,,,149,,,,1,,,,,3,,,,,,,,,,,,,,,,,,3,9,,2
Mtumbane,664,E,,,,,,,,,,,,,,,,,,,,,,,,,,,,,,,,,,,,,,,,,,,,,,,,,,,,,,,27,,22,,,,,,,,,,,,,,,,,,15,,,,4,4,,,,,,,2,6,11,,,36,,,,,53,,,,,,,,,,,,4,,,,,,19,,,,,,,,,1,,,,,1,,,,,,,,,,,,,2,2,,
Mzimvubu,658,E,,11,10,31,,,,,,11,,,,,,4,1,,6,,,10,,,,,,,,,,,,,,,,7,,,,,,,,,,,,,,,,,415,,13,,,,,,,,,,,,,,,,,,11,,,,83,,,,,,,,2,37,82,,,32,29,24,,,1,,,,1,,,215,,,,,8,,,,,,10,,,,,,,,,23,,,,,1,,,,,,,,,,,,,9,,,11
Ntlupeni,656,E,,1,,,1,,,,,,,,,,,4,,,,,,,,,,,,,,,,,,,,,,,,,,,,,,,,,,,,,,,3,,13,,,,,,,,,,,,,,,,,,77,6,,,,,,,,,,,13,13,10,,,132,,,,,15,,,,,,,2,,,,,,,,,,,63,,,,,,,,,3,,,,,4,,,,,,,,,,,,,4,1,,
Mntafufu,638,E,,2,126,,,9,,,,5,,,,,,133,,,39,,,25,,,,,1,,,,,,,,,,,4,,,,,,,,,,,,,,,,,367,,61,,,,,,,3,,1,,,2,,1,,,4,211,36,,,107,1,2,,,,,,,12,5,,,7,2,10,,,,,,,,,,45,,,,,2,,,,,,186,,,,1,,,,,9,,,,,14,,,,,,,,,,,,4,7,2,1,5
Msikaba,600,E,,,,10,,18,,,,1,,,,,,1,1,,18,,1,23,,,,,,,,,,,,,,,,3,,,,,,,,,,,,,,,,,,,3,,,,,,,,,,,,,,,,,8,198,119,,,64,3,,,,,,,,44,12,,,,,,,,,,,,,,,7,,,,,,,,,,,3,,,,6,,,,,,,,,,17,,,,,,,,,,,,26,3,,2,33
Butsha,592,E,,,,2,12,,,,,,,,,,,,,,,,,,,,,,,,,,,,,,,,,,,,,,,,,,,,,,,,6,,,,,,,,,,,,,,,,,,,,,7,2,15,,,,25,,,,,,,13,17,,,,50,,,,,3,,,,,,,,,,,,5,,,,,,48,,,,,,,,,,,,,,5,,,,,,,,,,,,,3,123,,
Mgwegwe,584,E,,,,1,1,,,,,1,,,,,,,,,,,,,,,,,,,,,,1,,,,,,,,,,,,,,,,,,,,,1,,,,,,,,,,,,,,,,,,,,,2,41,10,,,1,,,,,,,,2,6,,,,8,,,,,9,,,,,,,,,,,,,,,,,,61,,,,,,,,,,,,,,19,,,,,,,,,,,,1,,104,,1
Mgwetyana,576,E,,,,,,,,,,,,,,,,,,,,,,3,,,,,,,,,,1,,,,,,,,,,,,,,,,,,,,,,,,,,,,,,,,,,,,,,,,,,,23,80,,,4,24,,,,,,,,37,1,,,19,,,,,3,,,,,,,5,,,,,,,,,,,53,,,,,,,,,,,,,,53,,,,,,,,,,,,,2,9,4,
Mtentu,568,E,,9,,11,,25,,,,4,,,,,,1,,,22,,,24,,,,,,,,,,,,,,,,2,2,,,1,,,,,,,,,,,,,,1,16,,,,,,,7,,,,,1,,,,,3,155,34,,,8,1,,,,,,,,25,1,,,5,6,,,,,,,,,,,50,,,,,,,,,,,41,,,,4,,,,,,,32,,,17,,7,,,,,,,,,2,9,4,3,1,1
Mzamba,564,E,,9,,11,2,2,,,,1,,,,,,,,,7,,,23,,,,,1,,,,,,,,,,,6,,,,,,,,,1,,,,,,4,,92,,12,,,,,,,4,,,,,1,,,,,1,103,69,,,13,,1,,,,,,2,9,3,,,8,3,1,,,,,,,,,,14,,,,,,,,,,,42,,,,66,,,,,3,,1,,,18,,,,,,,,,,,3,6,3,6,,
Mtentwana,563,E,,,,,,,,,,,,,,,,,,,,,,,,,,,,,,,,,,,,,,,,,,,,,,,,,,,,,,,14,,25,,,,,,,,,,,,,,,,,,77,16,,,11,2,,,,,,,10,17,,,,120,,,,,5,,,,,,,,,,,,,,,,,,56,,,,,,,,,,,,,,2,,,,,,,,,,,,,3,3,,
Mtamvuna,559,E,,5,,7,4,1,,,,3,1,4,,,,,,,,,,2,,,,,,,,,,1,,,,,,,,,,,,,,,1,,,,,,,,95,,69,,,,,,,3,,,,,22,,,,,19,97,16,,2,91,1,,,,,,,2,52,172,,,70,1,,,,,,,,,,,5,,,,,1,,,,,,19,2,,,,,,,,1,,,,,11,,2,,,,,,,,,,1,24,7,,10
Sandlundlu,555,E,,,,1,,,,,,1,,,,,,,,,,,,,,,,,,,,,,,,,,,,,,,,,,,,,1,,,,,,,,11,,6,1,,,,,,,,,,,,,,,,11,9,7,,,34,,,,,,,,1,13,4,,,140,1,,,,14,,,,,,,1,,,,,,,,,,,322,,,,,,,,,1,,,,,9,,,,,,,,,,,,,,23,,
Tongazi,551,E,,,,,1,,,,,,,,,,,,,,1,,,,,,,,,,,,,,,,,,,,,,,,,,,,,,,,,,,,653,,3,,,,,,,,,,,,,,,,,1,10,5,,,93,1,,,,,,,8,131,164,,,67,,,,,,,,,,,,1,2,,,,4,,,,,,56,2,,,,,,,,,,,,,10,,,,,,,,,,,,1,18,247,,
Kandandlovu,548,E,,,,,7,,,,,2,,,,,,,,,,,,,,,,,,,,,,,,,,,,,,,,,,,,,,,,,,,,,,,,,,,,,,,,,,,,,,,,1,7,,,,,,,,,,,,4,7,1,,,43,,,,,76,,,,,,,3,,,,,,,,,,,138,,,,,,,,,,,,,,,,,,2,,,,,,,,,1,22,,
Mpenjati,545,E,,,,,,,,,,,,,,,,,,,,,,2,,,,,,,,,,,,,,,1,,,,,,,,,,,,,,,,1,,677,,51,,,,,,,,,,,,1,,,,,16,121,,,,1,,2,1,,,,,29,99,4,,,41,,,,,3,,,,,,,,,,,,,,,,,,140,5,,,,,,,,,,,,,3,,,,,,,,,,,,4,105,73,1,
Umhlangankulu,542,E,,,,,5,,,,,2,,,,,,,,,,,,1,,,,,,,,,,,,,,,,,,,,,,,,,,,,,,,8,,100,,14,,,,,,,,,,,,,,,,,4,34,4,,,8,,,,,,,,,14,,,,25,,,,,9,,,,,,,3,,,,,9,,,,,,4,,,,,,,,,,,,,,21,,,,,,,,,,,,,38,28,6,
Kaba,539,E,,,,,12,,,,,,,,,,,,,,,,,,,,,,,,,,,,,,,,,,,,,,,,,,,,,,,,,,9,,44,,,,,,,,,,,,,,,,,,,,,,,,,,,,,,,29,,,,46,,,,,130,,,,,,,,,,,,,,,,,,,,,,,,,,,9,,,,,,,,,10,,,,,,,,,4,,,
Mbizana,536,E,,,,,4,,,,,1,,,1,,1,,1,,,,,,,,,,,,,,,,,,,,1,,,,,,,,,,,,,,,,,,615,,14,,,,,,,,,,,,,,,,,3,25,6,,,49,1,,,,1,,,4,33,,,,19,,,,,7,,,,,,,1,,,,,15,,,,,,5,,,,,,,,,,,,,,1,,,,,,,,,,,,1,13,40,,7
Mvutshini,533,E,,,,,,,,,,,,,,,,,,,,,,,,,,,,,,,,,,,,,,,,,,,,,,,,,,,,,,,450,,10,,,,,,,,,,,,,,,,,,1,,,,,,,,,,,,,193,3,,,32,,,,,79,,,,,,,,,,,,,,,,,,1,,,,,,,,,,,,,,,,,,,,,,,,,,,,,,
Bilahlolo,530,E,,,,33,6,,,,,,,,,,,,2,,,,,,,,,,,,,,,,,,,,,,,,,,,,,,,,,,,,,,314,,3,,,,,,,,,,,,,,,,,,1,,,,2,,,,,,,,,116,1,,,130,,,,,51,,,,,,,,,,,,5,,,,,,5,,,,,,,,,,,,,,,,,,,,,,,,,,,,1,,
Uvuzana,527,E,,,,,,,,,,,,,,,,,,,,,,,,,,,,,,,,,,,,,,,,,,,,,,,,,,,,,,,,,,,,,,,,,,,,,,,,,,,,,,,,,,,,,,,,,,,,,,,,,,,,,,,,,,,,,,,,,,,,,,,,,,,,,,,,,,,,,,,,,,,,,,,,,
Kongweni,524,E,,,,,,,,,,,,,,,,,,,,,,,,,,,,,,,,,,,,,,,,,,,,,,,,,,,,,,,1025,,2,,,,,,,,,,,,,,,,,1,6,,,,,,,,,58,,,7,416,,,,55,,,,,29,,,,,,,,,,,,,,,,,,14,,,,,,,,,,,,,,,,,,,,,,,,,,,,4,,
Mhlangeni,521,E,,,,1,2,,,,,1,,,,,,,,,,,,1,,,,,,,,,,,,,,,,,,,,,,,,,,,,,,,,,,,,,,,,,,,,,,,,,,,,1,61,4,,,17,,,,,,,,4,100,12,,,64,,,,,101,,,,,,,2,,,,,,,,,,,84,,,,,,,,,,,,,,4,,,,,,,,,,,,,3,7,,
Zotsha,518,E,,,,,16,,,,,2,,,,,,,,,,,,,,,,,,,,,,,,,,,,,,,,,,,,,,,,,,,,,,,3,,,,,,,,,,,,,,,,,6,25,16,,,2,,,,,,,,1,49,21,,,69,,,,,322,,,,,,,1,,,,,,,,,,,19,,,,,,,,,,,,,,,,,,,,,,,,,,,35,14,,
Mzimkulu,515,E,,4,,7,,2,,,,2,,,,,,,,,,,,,,,,,,,,,,,,,,1,,1,,1,,,,,,,,,,,,,,,22,,84,,,,,,,5,,,,,30,,,,,2,48,2,,,280,2,,,3,,,,,28,47,,,14,12,8,,,,,,,,,,1,,,45,1,,,,,,,33,13,,,,,,,,24,,2,,,6,,14,,,,,,,,,,,51,30,,13
Mtentweni,512,E,,,,,1,,,,,1,,,,,,,,,,,,,,,,,,,,,,,,,,,,,,,,,,,,,,,,,,,,,,,3,1,,,,,,,,,,,,,,,,,6,28,,,3,,,,,,,,5,13,,,,41,,,,,35,,,,,,,1,,,,,,,,,,,9,,,,,,,,,,,,,,,,,,,,,,,,,,,3,,3,
Mhlangamkulu,509,E,,,,,,,,,,,,,1,,,,,,,,,,,,,,,,,,,,,,,,,,,,,,,,,,,,,,,,,,2415,,18,,,,,,,,,,,,,,,,,,,,,,,,,,,,,,3,7,,,,20,,,,,15,,,,,,,2,,,,,,,,,,,,,,,,,,,,1,,,,,,,,,,,,,,,,,,1,,,
Damba,506,E,,,,,,,,,,,,,1,,,,,,,,,,,,,,,,,,,,,,,,,,,,,,,,,,,,,,,,,,249,,,,,,,,,,,,,,,,,,,,,,,,,,,,,,,,2,108,,,,33,,,,,1489,,,,,,,,,,,,,,,,,,,,,,,,,,,,,,,,,,,,,,,,,,,,,,,,
Intshambili,503,E,,,,,,,,,,2,,,,,,,,,,,,,,,,,,16,,,,,,,,,,,,,,,,,,,,,,,,,,,262,,,,,,,,,,,,,,,,,,,1,,,,,1,,,,,,,,2,31,1,,,295,,,,,8,,,,,,,,,,,,,,,,,,2,,,,,,,,,,,,,,,,,,,,,,,,,,,,,,
Mhlabatshane,480,E,,,,,2,1,,,,,,,,,,,,,1,,,1,,,,,,,,,,,,,,,,,,,,,,,,,,,,,,,,,3,,1,,,,,,,,,,,,,,,,,3,29,21,,,2,,,,,,,,8,70,,,,9,,,,,16,,,,,,,2,,,,,,,,,,,53,,,,,,,,,,,,,,1,,,,,,,,,,,,1,13,68,,
Fafa,476,E,,2,,,,,,,,,,,,,,,,,,,,4,,,,,,,,,,,,,,,,,,,,,,,,,,,,,,,,,,,4,,,,,,,,,,,,,,,,,,2,17,,,6,,,,,,,,,70,,,,31,,,,,79,,,,,,,3,,,,,,,,,,,5,,,,,,,,,,,,,,11,,,,,,,,,,,,,,2,,
Sezela,472,E,,,,1,14,,,,,1,,,,,,,,,,,,,,,4,,,,,,,,,,,,,,,,,,,,,,,,,,,,,,3,,2,,,,,,,,,,,,,,,,,,4,17,,,,,,,,,,,6,25,,,,51,,,,,459,,,,,,,1,,,,,,,,,,,,,,,,,,,,,,,,,,,,,,,,,,,,,,9,,,
Mkumbane,468,E,,,,,,,,,,,,,,,,,,,,,,,,,,,,,,,,,,,,,,,,,,,,,,,,,,,,,,,287,,58,,,,,,,,,,,,,,,,,,,,,,,,,,,,,,1,3,,,,20,,,,,327,,,,,,,,,,,,,,,,,,,,,,,,,,,,,,,,4,,,,,,,,,,,,,2,5,,
Mzimayi,464,E,,,,,,,,,,,,,,,,,,,,,,,,,,,,,,,,,,,,,,,,,,,,,,,,,,,,,,,,,5,1,,,,,,,,,,,,,,,,,2,,,,,,,,,,,,1,27,,,,43,,,,,2,,,,,,,,,,,,,,,,,,27,,,,,,,,,,,,,,,,,,,,,,,,,,,,,,
Mpambanyoni,460,E,,,,2,,,,,,,,,,,,,5,,,,,1,,,,,,14,,,,,,,,,,,,,,,,,,,,,,,,,,,,,1,1,,,,,,,,,,,,,,,,2,22,4,,,23,1,,,,,,,204,40,,,,118,,,,,22,,,,,,,6,,,,,,,,,,,61,11,,,,,,,,1,,,,,,,,,,,,,,,,,,13,1,,
Mahlongwa,456,E,,,,,,,,,,,,,,,,,,,,,1,,,,,,,15,,,,,,,,,,,,,,,,,,,,,,,,,,,5,,32,5,,,,,,,,,,,,,,,,1,5,13,,,8,,,,,,,,3,13,,,,22,1,,,,33,,,,,,,,,,,,,,,,,,1,,,,,,,,,5,,,,,2,,,,,,,,,,,,,13,21,,
Mkomazi,452,E,,9,,69,3,,,,,13,,,,,,,2,,,,,4,1,,,,,2,,,,,,,,,,1,,,,,,,,,4,,,,,,,,46,,15,13,,,,,,4,,,,,15,,,,,23,24,34,,,41,,,,1,,,,,60,16,,,30,17,16,,,,,,,2,,,27,,,,,,,,,,,34,5,,,,,,,,30,,,,,4,,,,,,,,,,,,,203,4,60,10
Lovu,434,E,,4,,,,,,,,5,1,,,,,,5,,1,,1,,,,1,,,,,,,,,,,,,,,,,,,,,,,,,,,1,,,253,,18,,,,,,,,,,,,1,,,,,3,33,28,,,8,3,,1,1,,,,,35,96,,,4,,7,,,7,,,,,,,4,,,,,,,1,,,,55,1,,,,,,12,,15,,,,,1,,,,,,,,,,,,4,28,220,,1
L.Manzimtoti,416,E,,,,,7,,,,,,,,,,,,,,,,,,,,,,,,,,,,,,,,,,,,,,,,,,,,,,,,,,8,,1,,,,,,,,,,,,,,,,,7,23,6,,,31,,,,,,,,7,113,154,,,125,,,,,15,,,,,,,1,,,,,,,,,,,7,,,,,,,,,1,,,,,8,,,,,,,,,,,,1,104,12,,1
Manzimtoti,408,E,,,,,,,,,,,,,2,,,,,,,,,,,,,,,5,,,,,,,,,,,,,,,,,,,,,,,,,,,985,,33,1,,,,,,,,,,,,,,,,,,1,,,,,,,,,,,1,44,1,1,,62,12,,,,109,,,,,1,,2,,,,,,,,,2,,2,,,,,,,,,,,,,,,,,,,,,,,,,,,6,,,
Mbokodweni,400,E,,,,1,1,,,,,2,,,,,,,,,,,,1,,,,,,1,,,,,,,,,,,,,,,,,,,,,,,,,,,2,,5,4,,,,,,,,,,,,,,,,1,35,3,1,,13,,,,,,,,3,21,30,,,50,,,,,15,,,,,,,11,5,,,,,,,,,,2,2,,,,,,,,2,,,,,10,,,,,,,,,,,,,136,53,,3
Sipingo,392,E,,,,,1,,,,,3,,,,,,,,,,,1,,,,,,,8,,,,,,,,,,1,,,,,,,,,,,,,,,1,,20,,4,,,,,,,,,,,,1,,,,,1,2,1,,,,,,,1,,,,,5,,,,2,,,,,47,,,,,,,3,,,,1,,,1,,,,1,,,,,,,,,,,,,,,,,,,,,,,,,,2,28,,,
Mgeni,384,E,,21,53,19,1,,,,,2,,,,,,,1,,,,,1,,,,,,2,,,,,,,,,,2,,,,,,,,,,,,,,,,,,,45,,,,,,,,,,,,2,,,,,4,13,57,,,117,,,,,,,,,79,313,,,8,2,24,,,2,,,,,,,42,,,,,,,,,,,12,2,,,,,,,,10,,,,,9,,,,,,,,,,,,3,37,15,,69
Mhlanga,380,E,,,,,,,,,,3,,,,,,,2,,,,,,,,,,,3,,,,,,,,,,,,,,,,,,,,,,,,,,,118,,55,,,,,,,,,,,,,,,,,5,7,,,,1,,,,,,,,6,13,42,,,215,,1,,,118,,,,,,,4,,,,,,,,,,,193,,,,,,,,,2,,,,,1,,,,,,,,,,,,,33,2,,
Mdloti,376,E,,,,,,,,,,,,,,,,,,,,,,,,,,,,6,,,,,,,,,,,,,,,,,,,,,,,,,,,975,,,1,,,,,,,,,,,,,,,,2,7,4,,,14,,,,,,,,,44,,,,24,,,,,3,,,,,,,,,,,,,,,,,,,,,,,,,,,,,,,,,,,,,,,,,,,,,125,,,
Mhlali,372,E,,3,,5,59,,,,,1,1,,,,,,3,,3,,,2,,,,,,,,,,,,,,,,,,,,,,,,,,,,,,,10,,3,,11,2,,,,,,,,,,,,,,,,9,27,7,,,,1,,2,,,,,55,28,111,,,37,2,4,,,80,,,,,,,24,,,,,,,,,,,147,,,,,,,,,3,,,,,58,,,,,,,,,,,,2,50,,5,2
Mvoti,338,E,,1,,,,,,,,,,,1,,,,,,,,,1,,,,,,4,,,,,,,,,,,,,,,,,,,,,,,,,,,,,,,,,,,,,,,,,,,,,,,,,,,42,,,,,,,,,14,8,,,15,,,,,16,,,,,,,,,,,,,,,,,,,,,,,,,,,,,,,,10,,,,,,,,,,,,,19,2,,18
Mdlotane,328,E,,1,,,,,,,,,,,,,,,,,,,,4,,,,,,19,,,,,,,,,,,,,,,,,,,,,,,,,7,,735,,136,,,,,,,,,,,,,,,,,4,21,3,,,,,2,,13,,,,13,,,,,19,,,,,1008,,,,,,,18,,,,,,,,,,,11,,,,,,,,,,,,,,1,,,,,,,,,,,,,4,,,
Zinkwasi,318,E,,5,11,,173,,,,,,,,,,,,,,7,,,1,,,,,,4,,,,,,,,,,1,,,,,,,,,,,,,,,34,,21,,6,2,,,,,,,,,,,9,,,,,19,7,5,,,4,,1,,,,,3,7,13,4,,,12,4,6,,,26,1,,,,,,44,3,,,,,,,,,,1,,,,,,,,1,,,,,,11,,,,,,,,,,,,8,245,,,20
Tugela,313,E,,2,44,5,,,,,,,,,,,,,,,1,,,1,1,,,,,,,,,,,,,,,,,,,,,,,,,,,,,,,,,,3,,,,,,,,,,,,,,,,,,2,,,,,,,,,,,,,2,,,,3,1,,,,,,,,,,,,,,,,,,,,,,,,,,,,,,,,,,,,19,,,,,,,,,,,,,29,,,14
Matigulu/Nyoni,308,E,,25,517,16,11,,,,,11,2,,,,,,,,22,,,11,,,,,,3,,,,,,,,,1,4,,,,2,,,,,,,,,,,64,,4,,4,1,,,,,,32,1,,,,206,,,,,4,198,46,1,,19,1,2,1,3,,,3,,16,5,,,1,2,6,,,16,,,1,4,,,120,12,,,,,,8,,,,17,3,,,13,,,7,2,5,3,,,,9,2,4,,2,,,,,,,,18,104,,,75
Siyai,303,E,,,14,14,9,,,,,,,,,,,,,,,,,4,,,,,,20,,,,,,,,,,,,,,,,,,,,,,,,,,,,,2,,,,,,,,,,,,,,,,,5,,12,,,5,,,,11,,,,9,,,,,14,,,,,397,,,,,,,1,,,,,,,,,,,42,,,,,,,,,,,,,,8,,,,,,,,,,,,,18,,,31
Mlalazi,267,E,,25,375,69,8,3,,,,3,2,,,,,,,,40,,1,13,,,,,14,4,,,,,,,,,,4,,23,,1,,,,,,,,,12,2,64,,3,,2,10,,,,,,49,,,,,149,,,,,16,76,58,1,,6,1,2,,5,,,1,1,12,23,,,1,2,15,,,9,,,1,12,,,32,24,,,2,,,,,,,2,1,,,5,,,,10,3,1,16,,,11,1,59,,,,,,,,,,14,353,3,,5
Mfolozi/Msunduzi,238,E,,22,259,33,18,,,,,2,,,,,,,,,10,,,3,,,,,1,,,,,,,,,,,,,4,,,,,,,,,,,,,,,5,,4,8,,,,,,172,,,,14,65,,,,,,116,88,1,,2,,,,1,,,,,10,28,,,,24,6,,,,,,2,,,,5,2,,,,,,,,,,,,,,,,,,,,,,,,164,,16,1,,,,,,,,,1,151,1,,29
St Lucia,179,E,,4,437,8,1,,,,,1,,,,,,,,,4,,,,,,,,,,,,1,,,,,,,1,,1,1,,1,,,,,,,,,,5,,14,5,15,1,,,,,,78,,,,1,65,,,,,,41,47,,,7,,,,2,,,,,1,12,,,,148,19,,,,40,,,1,,,6,16,9,,,,,,,,,4,,,,,,,,1,9,1,18,,,15,3,132,3,,,,,,,1,,7,31,,,
Mgobezeleni,88,E,,,,11,,,,,,,,,,,,,,,,,,1,,,,,,,,,,,,,,,,,,,,,,,,,,,,,,,2,,,,,,,,,,,,,,,,,,,,,13,,24,,,,,,,3,,,,,36,,,,5,1,2,,,2,,,,,,,,,,,,,,,,,,,,,,,,,,,,,,,,1,,,,,1,,,,,,,,,71,,
Kosi,3,E,1,,,70,3,,,,,,,,,,,,,,,1,,1,,,,,,,,,,,,,,,,,,,,,,,,1,,,,,11,,39,3,,,,,,,,,,,,,,,,,,,,,4,41,,,,,,,,,,2,,4,,,,,,,,,,,,,,,,,,,,,,,,,,,,,,,1,,,,,,,,,,36,,,,,,,,,,,,3,1,28,,
